{
  "cars": [
    {
      "id": 1,
      "brand": "Hyundai",
      "rating": 112,
      "carName": "Hyundai i30",
      "imgUrl": "http://localhost:5000/images/img1299.png",
      "model": "Model 3",
      "price": 50,
      "speed": "160km/h",
      "gps": "GPS Navigation",
      "seatType": "Heated seats",
      "automatic": "Automatic",
      "description": " The Hyundai i30 is a versatile and reliable choice for your car rental needs. With its sleek design, comfortable interior, and advanced features, the i30 offers a smooth and enjoyable driving experience for both short trips and long journeys. Equipped with modern technology and safety features, this compact car ensures a safe and convenient ride for you and your passengers. Whether you are exploring the city or embarking on a road trip, the Hyundai i30 delivers a perfect balance of performance, comfort, and style."
    },

    {
      "id": 2,
      "brand": "Toyota",
      "rating": 102,
      "carName": "Toyota Corolla",
      "imgUrl": "http://localhost:5000/images/img124.webp",
      "model": "2022 Model",
      "price": 50,
      "speed": "180km/h",
      "gps": "GPS Navigation",
      "seatType": "Heated seats",
      "automatic": "Automatic",
      "description": " The Toyota Corolla is a reliable and popular compact car known for its durability, fuel efficiency, and practicality. With a sleek and modern design, the Corolla offers a comfortable and spacious interior that is well-suited for both daily commutes and longer journeys. Equipped with advanced safety features and cutting-edge technology, this vehicle ensures a secure and convenient driving experience for its passengers. Whether navigating city streets or cruising on the highway, the Toyota Corolla delivers a smooth and efficient ride that caters to the needs of drivers seeking a dependable and versatile vehicle."
    },

    {
      "id": 3,
      "brand": "BMW",
      "rating": 132,
      "carName": "BMW 3Series",
      "imgUrl": "http://localhost:5000/images/bmw-offer.ecfb9ac1.png",
      "model": "Coupe 2022",
      "price": 80,
      "speed": "240km/h",
      "gps": "GPS Navigation",
      "seatType": "Heated seats",
      "automatic": "Automatic",
      "description": " The BMW 3 Series Coupe is a stylish and sophisticated vehicle that embodies the perfect balance of luxury and performance. With its sleek design, iconic kidney grille, and sporty silhouette, the 3 Series Coupe exudes elegance and class. The interior is meticulously crafted with premium materials and cutting-edge technology, providing both comfort and convenience for the driver and passengers. The powerful engine options deliver impressive performance, making every drive a thrilling experience. Overall, the BMW 3 Series Coupe is a symbol of refinement and driving pleasure, offering a perfect combination of style, comfort, and dynamic performance."
    },

    {
      "id": 4,
      "brand": "Nissan",
      "rating": 102,
      "carName": "Nissan Qashqai",
      "imgUrl": "http://localhost:5000/images/img123.jpg",
      "model": "2023",
      "price": 70,
      "speed": "170km/h",
      "gps": "GPS Navigation",
      "seatType": "Heated seats",
      "automatic": "Automatic",
      "description": " The Nissan Qashqai is a versatile and practical crossover SUV that offers a perfect balance of style, comfort, and functionality. With its bold and modern design, the Qashqai stands out on the road while providing ample space for both passengers and cargo. The interior is well-appointed with premium materials and advanced technology features, ensuring a comfortable and connected driving experience. The efficient engine options deliver a smooth and responsive performance, making it ideal for both city driving and long road trips. Overall, the Nissan Qashqai is a reliable and stylish choice for those seeking a versatile and capable crossover SUV."
    },

    {
      "id": 5,
      "brand": "Lamborghini",
      "rating": 94,
      "carName": "Lamborghini Urus",
      "imgUrl": "http://localhost:5000/images/img122.jpg",
      "model": "2023",
      "price": 150,
      "speed": "280km/h",
      "gps": "GPS Navigation",
      "seatType": "Heated seats",
      "automatic": "Automatic",
      "description": " The Lamborghini Urus is a high-performance luxury SUV that combines the iconic Lamborghini styling with the practicality of an SUV. With its aggressive lines, muscular stance, and signature Lamborghini design elements, the Urus is a true head-turner on the road. The interior is crafted with the finest materials and features cutting-edge technology, providing a luxurious and comfortable driving experience. Powered by a powerful engine, the Urus delivers exhilarating performance and dynamic handling, making it a thrill to drive in any situation. Overall, the Lamborghini Urus is a perfect blend of luxury, performance, and versatility, setting a new standard for high-performance SUVs."
    },

    {
      "id": 6,
      "brand": "Mercedes",
      "rating": 119,
      "carName": "Mercedes Benz C350",
      "imgUrl": "http://localhost:5000/images/marcedes-offer.d177a4fe.png",
      "model": "2021",
      "price": 85,
      "speed": "210km/h",
      "gps": "GPS Navigation",
      "seatType": "Heated seats",
      "automatic": "Automatic",
      "description": " The Mercedes C350 Coupe is a sophisticated blend of luxury, performance, and style, embodying the essence of the Mercedes-Benz brand. With its sleek, aerodynamic design, the C350 Coupe features a bold front grille, elegant lines, and a sporty silhouette that commands attention on the road. Under the hood, it is powered by a robust engine that delivers impressive acceleration and a smooth driving experience, making it a joy to drive. Inside, the cabin is adorned with high-quality materials, advanced technology, and comfortable seating, providing an inviting atmosphere for both the driver and passengers. The C350 Coupe also boasts a range of innovative features, including a state-of-the-art infotainment system and advanced safety technologies, ensuring a connected and secure journey. Overall, the Mercedes C350 Coupe is a remarkable vehicle that combines performance and luxury, making it an ideal choice for those who appreciate the finer things in life."
    },

    {
      "id": 7,
      "brand": "Audi",
      "rating": 82,
      "carName": "Audi A5",
      "imgUrl": "http://localhost:5000/images/img1999.jpg",
      "model": "Model 2024",
      "price": 95,
      "speed": "240km/h",
      "gps": "GPS Navigation",
      "seatType": "Heated seats",
      "automatic": "Automatic",
      "description": " The Audi A5 is a stunning representation of luxury and performance, seamlessly blending elegant design with cutting-edge technology. Its sleek, coupe-like silhouette is accentuated by bold lines and a distinctive Singleframe grille, giving it a sporty yet sophisticated presence on the road. Under the hood, the A5 offers a range of powerful engine options that deliver exhilarating performance and responsive handling, making every drive a thrilling experience. Inside, the cabin is meticulously crafted with high-quality materials, featuring comfortable seating and an array of advanced technology, including the intuitive MMI infotainment system. With its emphasis on both style and functionality, the Audi A5 provides a refined driving experience, complemented by a suite of safety features that ensure peace of mind. Whether navigating city streets or cruising on the highway, the Audi A5 stands out as a perfect blend of luxury, performance, and practicality."
    },

    {
      "id": 8,
      "brand": "Rolls Royce",
      "rating": 252,
      "carName": "Rolls Royce ghost",
      "imgUrl": "http://localhost:5000/images/img3333.jpg",
      "model": "Model 3",
      "price": 250,
      "speed": "260km/h",
      "gps": "GPS Navigation",
      "seatType": "Heated seats",
      "automatic": "Automatic",
      "description": "The Rolls-Royce Ghost is the epitome of automotive luxury, representing a harmonious blend of timeless elegance and cutting-edge engineering. With its commanding presence, the Ghost features a stately silhouette characterized by a long hood, graceful lines, and the iconic Spirit of Ecstasy ornament that graces its front. Inside, the cabin is a sanctuary of opulence, meticulously crafted with the finest materials, including sumptuous leather, exquisite wood veneers, and bespoke detailing that can be tailored to the owner's specifications. The advanced technology seamlessly integrates with the luxurious environment, offering a state-of-the-art infotainment system and a host of comfort features designed to enhance the driving experience. Powered by a formidable V12 engine, the Ghost delivers a smooth and powerful ride, effortlessly gliding over any terrain. With its unparalleled attention to detail and commitment to craftsmanship, the Rolls-Royce Ghost is not just a car; it is a statement of prestige and sophistication, designed for those who demand the very best in life."
    }
  ],

  "products": [
    {
      "id": 1,
      "title": "Car Battery",
      "price": 150,
      "category": "Battery",
      "imgUrl": "http://localhost:5000/images/products/product-1.5fb206dc.jpg ",
      "description": " Dolor labore lorem no accusam sit justo sadipscing labore invidunt voluptua, amet duo et gubergren vero gubergren dolor. At diam. Dolor labore lorem no accusam sit justo sadipscing labore invidunt voluptua, amet duo et gubergren vero gubergren dolor. At diam."
    },

    {
      "id": 2,
      "title": "Car Disk",
      "price": 50,
      "category": "Disk ",
      "imgUrl": "http://localhost:5000/images/products/product-2.184ea363.jpg ",
      "description": " Dolor labore lorem no accusam sit justo sadipscing labore invidunt voluptua, amet duo et gubergren vero gubergren dolor. At diam. Dolor labore lorem no accusam sit justo sadipscing labore invidunt voluptua, amet duo et gubergren vero gubergren dolor. At diam."
    },

    {
      "id": 3,
      "title": "Luxury Seat",
      "price": 390,
      "category": "Seat",
      "imgUrl": "http://localhost:5000/images/products/product-5.9d8bfbc6.jpg ",
      "description": " Dolor labore lorem no accusam sit justo sadipscing labore invidunt voluptua, amet duo et gubergren vero gubergren dolor. At diam. Dolor labore lorem no accusam sit justo sadipscing labore invidunt voluptua, amet duo et gubergren vero gubergren dolor. At diam."
    },

    {
      "id": 4,
      "title": "Steering Wheel",
      "price": 150,
      "category": " Wheel",
      "imgUrl": "http://localhost:5000/images/products/product-3.9af392b6.jpg ",
      "description": " Dolor labore lorem no accusam sit justo sadipscing labore invidunt voluptua, amet duo et gubergren vero gubergren dolor. At diam. Dolor labore lorem no accusam sit justo sadipscing labore invidunt voluptua, amet duo et gubergren vero gubergren dolor. At diam."
    },

    {
      "id": 5,
      "title": " Absorber",
      "price": 110,
      "category": "Shock Absorber",
      "imgUrl": "http://localhost:5000/images/products/product-4.226d5e08.jpg ",
      "description": " Dolor labore lorem no accusam sit justo sadipscing labore invidunt voluptua, amet duo et gubergren vero gubergren dolor. At diam. Dolor labore lorem no accusam sit justo sadipscing labore invidunt voluptua, amet duo et gubergren vero gubergren dolor. At diam."
    },

    {
      "id": 1,
      "title": "Car Battery",
      "price": 150,
      "category": "Battery",
      "imgUrl": "http://localhost:5000/images/products/product-1.5fb206dc.jpg ",
      "description": " The Car Battery is a high-performance power source designed to meet the demands of modern vehicles. Engineered with advanced technology, it provides consistent performance in various weather conditions, ensuring your vehicle starts smoothly every time. Ideal for both everyday driving and heavy-duty use, this battery is compatible with a wide range of car models. Invest in the Car Battery for peace of mind and dependable performance on the road."
    },

    {
      "id": 2,
      "title": "Car BrakeDisk",
      "price": 50,
      "category": "Brake Disk ",
      "imgUrl": "http://localhost:5000/images/products/product-2.184ea363.jpg ",
      "description": " Dolor labore lorem no accusam sit justo sadipscing labore invidunt voluptua, amet duo et gubergren vero gubergren dolor. At diam. Dolor labore lorem no accusam sit justo sadipscing labore invidunt voluptua, amet duo et gubergren vero gubergren dolor. At diam."
    },

    {
      "id": 3,
      "title": "Luxury Seat",
      "price": 390,
      "category": "Seat",
      "imgUrl": "http://localhost:5000/images/products/product-5.9d8bfbc6.jpg ",
      "description": " Dolor labore lorem no accusam sit justo sadipscing labore invidunt voluptua, amet duo et gubergren vero gubergren dolor. At diam. Dolor labore lorem no accusam sit justo sadipscing labore invidunt voluptua, amet duo et gubergren vero gubergren dolor. At diam."
    },

    {
      "id": 4,
      "title": "Steering Wheel",
      "price": 150,
      "category": " Wheel",
      "imgUrl": "http://localhost:5000/images/products/product-3.9af392b6.jpg ",
      "description": " Dolor labore lorem no accusam sit justo sadipscing labore invidunt voluptua, amet duo et gubergren vero gubergren dolor. At diam. Dolor labore lorem no accusam sit justo sadipscing labore invidunt voluptua, amet duo et gubergren vero gubergren dolor. At diam."
    },

    {
      "id": 5,
      "title": " Absorber",
      "price": 110,
      "category": "Shock Absorber",
      "imgUrl": "http://localhost:5000/images/products/product-4.226d5e08.jpg ",
      "description": " Dolor labore lorem no accusam sit justo sadipscing labore invidunt voluptua, amet duo et gubergren vero gubergren dolor. At diam. Dolor labore lorem no accusam sit justo sadipscing labore invidunt voluptua, amet duo et gubergren vero gubergren dolor. At diam."
    },
    {
      "id": 1,
      "title": "Car Battery",
      "price": 150,
      "category": "Battery",
      "imgUrl": "http://localhost:5000/images/products/product-1.5fb206dc.jpg ",
      "description": " Dolor labore lorem no accusam sit justo sadipscing labore invidunt voluptua, amet duo et gubergren vero gubergren dolor. At diam. Dolor labore lorem no accusam sit justo sadipscing labore invidunt voluptua, amet duo et gubergren vero gubergren dolor. At diam."
    },

    {
      "id": 13,
      "title": "Car Disk",
      "price": 50,
      "category": "Disk ",
      "imgUrl": "http://localhost:5000/images/products/product-2.184ea363.jpg ",
      "description": " Dolor labore lorem no accusam sit justo sadipscing labore invidunt voluptua, amet duo et gubergren vero gubergren dolor. At diam. Dolor labore lorem no accusam sit justo sadipscing labore invidunt voluptua, amet duo et gubergren vero gubergren dolor. At diam."
    }
  ],

  "blogs": [
    {
      "id": 1,
      "title": "The best way to drive cars",
      "author": "Clau",
      "date": "22 Dec, 2023",
      "time": "11pm",
      "imgUrl": "http://localhost:5000/images/blog/blog-1.jpg ",
      "description": " Driving a car effectively involves a combination of skill, awareness, and adherence to safety protocols. To begin, it is essential to familiarize yourself with the vehicle's controls, including the steering wheel, pedals, and dashboard indicators. Maintaining a proper seating position enhances visibility and control. Always buckle your seatbelt and ensure that all passengers do the same. When on the road, stay alert and aware of your surroundings, using mirrors and checking blind spots before changing lanes or making turns. Adhering to traffic laws, including speed limits and traffic signals, is crucial for safety. Additionally, practicing defensive driving—anticipating the actions of other drivers and being prepared for unexpected situations—can significantly reduce the risk of accidents. Finally, regular vehicle maintenance, such as checking tire pressure and fluid levels, ensures optimal performance and safety on the road.",
      "quote": "Look much further ahead than feels natural until it feels natural. Your steering will be smoother, your braking will be less reactive, and you'll identify hazards earlier."
    },

    {
      "id": 2,
      "title": "If your car battery is down",
      "author": "Clau",
      "date": "18 Dec, 2023",
      "time": "8pm",
      "imgUrl": "http://localhost:5000/images/blog/blog-2.jpg ",
      "description": " If your car battery is down, it typically means that the battery has lost its charge and is unable to start the engine. This can happen for various reasons, such as leaving the lights on, a faulty alternator, or simply the battery reaching the end of its lifespan. Signs of a dead battery include dimming headlights, a slow or unresponsive engine crank, and electrical components not functioning properly. To address this issue, you can attempt to jump-start the battery using jumper cables and another vehicle with a functioning battery. If the jump-start is successful, it’s important to drive the car for a while to allow the alternator to recharge the battery. However, if the battery continues to fail or shows signs of corrosion, it may need to be tested or replaced. Regular maintenance and checks can help prevent battery issues and ensure reliable vehicle performance.",
      "quote": "A car battery being down indicates it has lost its charge, often due to factors like leaving lights on or age. It's important to address this promptly, either by jump-starting or replacing the battery, to ensure your vehicle remains reliable."
    },

    {
      "id": 3,
      "title": "The best way to have a trip",
      "author": "Clau",
      "date": "22 Dec, 2024",
      "time": "9pm",
      "imgUrl": "http://localhost:5000/images/blog/blog-3.jpg",
      "description": " Renting a car is often considered one of the best ways to enhance your travel experience. It provides the freedom and flexibility to explore your destination at your own pace, allowing you to visit off-the-beaten-path locations that may not be accessible by public transportation. With a rental car, you can create a personalized itinerary, stopping wherever you like, whether it’s a scenic viewpoint, a quaint village, or a hidden gem recommended by locals. When renting a car, it’s important to choose a vehicle that suits your travel needs, whether you require a compact car for city driving or an SUV for rugged terrain. Be sure to compare rental companies for the best rates and read the terms and conditions carefully, including insurance options and fuel policies. Additionally, having a GPS or a reliable map app can help you navigate unfamiliar roads with ease. Remember to familiarize yourself with local driving laws and customs to ensure a safe journey. Overall, renting a car can significantly enhance your trip, providing the convenience and independence to make the most of your travel adventure.",
      "quote": "The best way to have a trip involves careful planning, flexibility, and a willingness to embrace new experiences. Prioritizing your interests, researching destinations, and creating a balanced itinerary can enhance your journey."
    }
  ],

  "services": [
    {
      "id": 1,
      "title": "City Transfer",
      "icon": "ri-map-pin-2-line",

      "description": "Tempor tempor sadipscing vero lorem sea, invidunt sed et eos ipsum et erat. Dolor ut duo sadipscing lorem. Gubergren gubergren est et ea accusam. Sanctus ea sed aliquyam duo kasd tempor vero voluptua magna. Justo elitr tempor dolor et lorem. Dolor sanctus sanctus sed stet rebum lorem. Sadipscing nonumy sed lorem clita amet, stet dolor tempor at at stet duo eos, sed dolor sit ea ipsum erat no dolor diam, accusam et lorem magna lorem ut diam ipsum, est ipsum et nonumy justo. Ipsum aliquyam dolor dolore sadipscing magna duo no sit, et dolor gubergren invidunt duo tempor dolores. Voluptua. Tempor tempor sadipscing vero lorem sea, invidunt sed et eos ipsum et erat. Dolor ut duo sadipscing lorem. Gubergren gubergren est et ea accusam. Sanctus ea sed aliquyam duo kasd tempor vero voluptua magna. Justo elitr tempor dolor et lorem. Dolor sanctus sanctus sed stet rebum lorem. Sadipscing nonumy sed lorem clita amet, stet dolor tempor at at stet duo eos, sed dolor sit ea ipsum erat no dolor diam, accusam et lorem magna lorem ut diam ipsum, est ipsum et nonumy justo. Ipsum aliquyam dolor dolore sadipscing magna duo no sit, et dolor gubergren invidunt duo tempor dolores."
    },

    {
      "id": 2,
      "title": "Whole  City Tour",
      "icon": "ri-community-line",

      "description": "Tempor tempor sadipscing vero lorem sea, invidunt sed et eos ipsum et erat. Dolor ut duo sadipscing lorem. Gubergren gubergren est et ea accusam. Sanctus ea sed aliquyam duo kasd tempor vero voluptua magna. Justo elitr tempor dolor et lorem. Dolor sanctus sanctus sed stet rebum lorem. Sadipscing nonumy sed lorem clita amet, stet dolor tempor at at stet duo eos, sed dolor sit ea ipsum erat no dolor diam, accusam et lorem magna lorem ut diam ipsum, est ipsum et nonumy justo. Ipsum aliquyam dolor dolore sadipscing magna duo no sit, et dolor gubergren invidunt duo tempor dolores. Voluptua. Tempor tempor sadipscing vero lorem sea, invidunt sed et eos ipsum et erat. Dolor ut duo sadipscing lorem. Gubergren gubergren est et ea accusam. Sanctus ea sed aliquyam duo kasd tempor vero voluptua magna. Justo elitr tempor dolor et lorem. Dolor sanctus sanctus sed stet rebum lorem. Sadipscing nonumy sed lorem clita amet, stet dolor tempor at at stet duo eos, sed dolor sit ea ipsum erat no dolor diam, accusam et lorem magna lorem ut diam ipsum, est ipsum et nonumy justo. Ipsum aliquyam dolor dolore sadipscing magna duo no sit, et dolor gubergren invidunt duo tempor dolores."
    },

    {
      "id": 3,
      "title": "Unlimited Miles Car Rental",
      "icon": "ri-roadster-line",

      "description": "Tempor tempor sadipscing vero lorem sea, invidunt sed et eos ipsum et erat. Dolor ut duo sadipscing lorem. Gubergren gubergren est et ea accusam. Sanctus ea sed aliquyam duo kasd tempor vero voluptua magna. Justo elitr tempor dolor et lorem. Dolor sanctus sanctus sed stet rebum lorem. Sadipscing nonumy sed lorem clita amet, stet dolor tempor at at stet duo eos, sed dolor sit ea ipsum erat no dolor diam, accusam et lorem magna lorem ut diam ipsum, est ipsum et nonumy justo. Ipsum aliquyam dolor dolore sadipscing magna duo no sit, et dolor gubergren invidunt duo tempor dolores. Voluptua. Tempor tempor sadipscing vero lorem sea, invidunt sed et eos ipsum et erat. Dolor ut duo sadipscing lorem. Gubergren gubergren est et ea accusam. Sanctus ea sed aliquyam duo kasd tempor vero voluptua magna. Justo elitr tempor dolor et lorem. Dolor sanctus sanctus sed stet rebum lorem. Sadipscing nonumy sed lorem clita amet, stet dolor tempor at at stet duo eos, sed dolor sit ea ipsum erat no dolor diam, accusam et lorem magna lorem ut diam ipsum, est ipsum et nonumy justo. Ipsum aliquyam dolor dolore sadipscing magna duo no sit, et dolor gubergren invidunt duo tempor dolores."
    },

    {
      "id": 4,
      "title": "Fast & Easy Booking",
      "icon": "ri-timer-flash-line",

      "description": "Tempor tempor sadipscing vero lorem sea, invidunt sed et eos ipsum et erat. Dolor ut duo sadipscing lorem. Gubergren gubergren est et ea accusam. Sanctus ea sed aliquyam duo kasd tempor vero voluptua magna. Justo elitr tempor dolor et lorem. Dolor sanctus sanctus sed stet rebum lorem. Sadipscing nonumy sed lorem clita amet, stet dolor tempor at at stet duo eos, sed dolor sit ea ipsum erat no dolor diam, accusam et lorem magna lorem ut diam ipsum, est ipsum et nonumy justo. Ipsum aliquyam dolor dolore sadipscing magna duo no sit, et dolor gubergren invidunt duo tempor dolores. Voluptua. Tempor tempor sadipscing vero lorem sea, invidunt sed et eos ipsum et erat. Dolor ut duo sadipscing lorem. Gubergren gubergren est et ea accusam. Sanctus ea sed aliquyam duo kasd tempor vero voluptua magna. Justo elitr tempor dolor et lorem. Dolor sanctus sanctus sed stet rebum lorem. Sadipscing nonumy sed lorem clita amet, stet dolor tempor at at stet duo eos, sed dolor sit ea ipsum erat no dolor diam, accusam et lorem magna lorem ut diam ipsum, est ipsum et nonumy justo. Ipsum aliquyam dolor dolore sadipscing magna duo no sit, et dolor gubergren invidunt duo tempor dolores."
    },

    {
      "id": 5,
      "title": "Many Pickup Locations",
      "icon": "ri-map-pin-line",

      "description": "Tempor tempor sadipscing vero lorem sea, invidunt sed et eos ipsum et erat. Dolor ut duo sadipscing lorem. Gubergren gubergren est et ea accusam. Sanctus ea sed aliquyam duo kasd tempor vero voluptua magna. Justo elitr tempor dolor et lorem. Dolor sanctus sanctus sed stet rebum lorem. Sadipscing nonumy sed lorem clita amet, stet dolor tempor at at stet duo eos, sed dolor sit ea ipsum erat no dolor diam, accusam et lorem magna lorem ut diam ipsum, est ipsum et nonumy justo. Ipsum aliquyam dolor dolore sadipscing magna duo no sit, et dolor gubergren invidunt duo tempor dolores. Voluptua. Tempor tempor sadipscing vero lorem sea, invidunt sed et eos ipsum et erat. Dolor ut duo sadipscing lorem. Gubergren gubergren est et ea accusam. Sanctus ea sed aliquyam duo kasd tempor vero voluptua magna. Justo elitr tempor dolor et lorem. Dolor sanctus sanctus sed stet rebum lorem. Sadipscing nonumy sed lorem clita amet, stet dolor tempor at at stet duo eos, sed dolor sit ea ipsum erat no dolor diam, accusam et lorem magna lorem ut diam ipsum, est ipsum et nonumy justo. Ipsum aliquyam dolor dolore sadipscing magna duo no sit, et dolor gubergren invidunt duo tempor dolores."
    },

    {
      "id": 6,
      "title": "Airport Transfer",
      "icon": "ri-flight-takeoff-line",

      "description": "Tempor tempor sadipscing vero lorem sea, invidunt sed et eos ipsum et erat. Dolor ut duo sadipscing lorem. Gubergren gubergren est et ea accusam. Sanctus ea sed aliquyam duo kasd tempor vero voluptua magna. Justo elitr tempor dolor et lorem. Dolor sanctus sanctus sed stet rebum lorem. Sadipscing nonumy sed lorem clita amet, stet dolor tempor at at stet duo eos, sed dolor sit ea ipsum erat no dolor diam, accusam et lorem magna lorem ut diam ipsum, est ipsum et nonumy justo. Ipsum aliquyam dolor dolore sadipscing magna duo no sit, et dolor gubergren invidunt duo tempor dolores. Voluptua. Tempor tempor sadipscing vero lorem sea, invidunt sed et eos ipsum et erat. Dolor ut duo sadipscing lorem. Gubergren gubergren est et ea accusam. Sanctus ea sed aliquyam duo kasd tempor vero voluptua magna. Justo elitr tempor dolor et lorem. Dolor sanctus sanctus sed stet rebum lorem. Sadipscing nonumy sed lorem clita amet, stet dolor tempor at at stet duo eos, sed dolor sit ea ipsum erat no dolor diam, accusam et lorem magna lorem ut diam ipsum, est ipsum et nonumy justo. Ipsum aliquyam dolor dolore sadipscing magna duo no sit, et dolor gubergren invidunt duo tempor dolores."
    }
  ]
}
